{"stats":{"minecraft:mined":{"minecraft:dark_oak_log":5,"minecraft:grass_block":3,"minecraft:sand":3},"minecraft:crafted":{"minecraft:dark_oak_planks":20},"minecraft:custom":{"minecraft:jump":67,"minecraft:time_since_rest":17769,"minecraft:leave_game":1,"minecraft:play_one_minute":17769,"minecraft:sprint_one_cm":5584,"minecraft:damage_taken":20,"minecraft:time_since_death":17769,"minecraft:walk_one_cm":3815,"minecraft:sneak_time":58,"minecraft:fall_one_cm":2285,"minecraft:fly_one_cm":26227},"minecraft:picked_up":{"minecraft:sand":3,"minecraft:dark_oak_log":5,"minecraft:dirt":2},"minecraft:used":{"minecraft:dark_oak_planks":10}},"DataVersion":2586}